Test Time,192.737
Test Time,112.5812
Test Time,146.2173
Test Time,127.9026
Test Time,103.2578
Test Time,122.078
Test Time,167.6351
Test Time,141.5267
Test Time,130.4205
Test Time,141.5645
Test Time,122.1452
Test Time,135.2796
Test Time,242.0262
Test Time,196.2576
Test Time,218.3852
Test Time,155.1862
Test Time,110.6395
Test Time,129.2889
Test Time,124.2847
Test Time,228.422
Test Time,174.0948
Test Time,103.0869
Test Time,133.2925
Test Time,204.5111
Test Time,167.3134
Test Time,163.7842
Test Time,104.8673
Test Time,123.7796
Test Time,139.3182
Test Time,136.2519
Test Time,153.5971
Test Time,174.1835
Test Time,182.6474
Test Time,149.6546
Test Time,201.3424
Test Time,193.2398
Test Time,220.1431
Test Time,156.218
Test Time,129.7689
Test Time,181.8059
Test Time,110.3056
Test Time,153.1195
Test Time,178.578
Test Time,148.6291
Test Time,123.5074
Test Time,194.1984
Test Time,138.6069
Test Time,129.8725
Test Time,249.7015
Test Time,135.7229
Test Time,329.6307
Test Time,129.1528
Test Time,350.926
Test Time,148.7775
Test Time,291.1849
Test Time,116.1844
Test Time,659.6547
Test Time,194.1955
Test Time,143.5261
Test Time,130.9443
Test Time,128.2626
Test Time,122.2244
Test Time,126.756
Test Time,140.2044
Test Time,137.5967
Test Time,235.0624
Test Time,158.0022
Test Time,146.3338
Test Time,130.3494
Test Time,161.2917
Test Time,177.0118
Test Time,195.1212
Test Time,141.5771
Test Time,196.8256
Test Time,146.4584
Test Time,113.407
Test Time,108.8977
Test Time,135.6393
Test Time,125.3101
Test Time,119.4289
Test Time,207.6004
Test Time,192.7113
Test Time,210.7497
Test Time,151.6426
Test Time,112.4402
Test Time,170.584
Test Time,154.3818
Test Time,132.5879
Test Time,183.4095
Test Time,164.1037
Test Time,171.0169
Test Time,324.0344
Test Time,349.6063
Test Time,1054.4924
Test Time,2171.8733
Test Time,259.1788
Test Time,640.4799
Test Time,509.3249
Test Time,2508.2773
Test Time,204.0051
