Test Time,153.2499
Test Time,126.5527
Test Time,100.2562
Test Time,104.0166
Test Time,116.2697
Test Time,116.1604
Test Time,180.3854
Test Time,126.7392
Test Time,136.0857
Test Time,100.4834
Test Time,136.7775
Test Time,121.6923
Test Time,131.4435
Test Time,122.8613
Test Time,108.3082
Test Time,128.43
Test Time,127.038
Test Time,214.7229
Test Time,140.1329
Test Time,157.1247
Test Time,100.06
Test Time,101.5683
Test Time,119.6959
Test Time,474.9806
Test Time,109.793
Test Time,132.2729
Test Time,127.2539
Test Time,126.6607
Test Time,131.6402
Test Time,149.54
Test Time,132.0032
Test Time,128.3024
Test Time,114.9621
Test Time,209.3179
Test Time,172.3127
Test Time,107.6982
Test Time,122.6323
Test Time,122.4256
Test Time,144.0654
Test Time,137.848
Test Time,110.83
Test Time,131.1694
Test Time,213.7173
Test Time,122.959
Test Time,121.4028
Test Time,91.6106
Test Time,94.1993
Test Time,123.7667
Test Time,113.1255
Test Time,106.926
Test Time,100.4351
Test Time,107.6008
Test Time,109.5963
Test Time,186.2954
Test Time,113.0307
Test Time,619.8209
Test Time,136.2003
Test Time,117.4842
Test Time,205.3101
Test Time,113.2572
Test Time,118.0627
Test Time,110.2323
Test Time,110.6302
Test Time,110.9412
Test Time,111.5968
Test Time,97.5562
Test Time,177.2576
Test Time,131.1207
Test Time,109.2061
Test Time,166.3564
Test Time,186.3305
Test Time,107.3964
Test Time,147.2667
Test Time,146.7677
Test Time,123.2909
Test Time,110.6882
Test Time,98.2519
Test Time,115.5583
Test Time,112.3592
Test Time,114.0069
Test Time,105.9983
Test Time,156.9276
Test Time,94.5709
Test Time,110.3055
Test Time,119.8545
Test Time,242.883
Test Time,125.8415
Test Time,103.0589
Test Time,234.1357
Test Time,104.3562
Test Time,104.316
Test Time,109.6674
Test Time,103.2219
Test Time,132.9294
Test Time,120.5378
Test Time,116.5883
Test Time,156.5898
Test Time,104.0832
Test Time,123.5738
Test Time,141.6524
