Test Time,3397.1876
Test Time,3266.0413
Test Time,4419.292
Test Time,465.4639
Test Time,2430.823
Test Time,123.3938
Test Time,3382.1152
Test Time,3355.8387
Test Time,1919.2625
Test Time,1647.4027
Test Time,1444.7305
Test Time,1477.6851
Test Time,1279.1752
Test Time,1141.3047
Test Time,1073.6284
Test Time,975.6329
Test Time,799.3251
Test Time,578.6108
Test Time,493.7687
Test Time,284.6219
Test Time,162.0344
Test Time,478.8974
Test Time,400.8629
Test Time,224.8082
Test Time,192.5975
Test Time,162.6152
Test Time,344.1279
Test Time,214.0153
Test Time,131.5615
Test Time,126.7213
Test Time,147.2179
Test Time,375.8157
Test Time,250.0648
Test Time,330.0429
Test Time,1256.7991
Test Time,216.1239
Test Time,158.4891
Test Time,147.9914
Test Time,223.4564
Test Time,191.7589
Test Time,155.6027
Test Time,253.0119
Test Time,159.3646
Test Time,170.4465
Test Time,147.0359
Test Time,145.9838
Test Time,149.0642
Test Time,116.9846
Test Time,155.5084
Test Time,179.155
Test Time,223.2903
Test Time,214.5952
Test Time,220.3805
Test Time,156.2453
Test Time,193.8107
Test Time,1453.8348
Test Time,1936.5541
Test Time,296.7794
Test Time,1539.3281
Test Time,711.4256
Test Time,632.2013
Test Time,496.2909
Test Time,217.3986
Test Time,144.1574
Test Time,271.3573
Test Time,276.374
Test Time,543.8223
Test Time,127.4918
Test Time,173.4787
Test Time,210.5086
Test Time,427.2216
Test Time,203.1015
Test Time,251.5402
Test Time,899.4486
Test Time,217.5464
Test Time,140.684
Test Time,309.6108
Test Time,169.7606
Test Time,173.0812
Test Time,124.2258
Test Time,178.4992
Test Time,146.0089
Test Time,190.4578
Test Time,160.963
Test Time,138.3051
Test Time,131.1781
Test Time,141.8031
Test Time,126.2509
Test Time,132.3565
Test Time,139.4775
Test Time,193.6774
Test Time,141.6226
Test Time,180.2768
Test Time,126.6807
Test Time,112.8824
Test Time,129.7552
Test Time,200.8033
Test Time,168.2573
Test Time,162.2978
Test Time,152.8927
