Test Time,129.7738
Test Time,274.3879
Test Time,199.4606
Test Time,140.5384
Test Time,158.7486
Test Time,136.6554
Test Time,236.3163
Test Time,155.9016
Test Time,361.5072
Test Time,105.1157
Test Time,120.71
Test Time,126.618
Test Time,150.0154
Test Time,1296.5363
Test Time,204.2557
Test Time,643.6587
Test Time,428.5785
Test Time,401.8279
Test Time,144.7881
Test Time,136.8968
Test Time,145.218
Test Time,123.1643
Test Time,303.5524
Test Time,136.8178
Test Time,168.2671
Test Time,605.8924
Test Time,431.0531
Test Time,1954.5719
Test Time,1495.5718
Test Time,1335.5547
Test Time,3430.6961
Test Time,578.1078
Test Time,1451.9481
Test Time,595.1462
Test Time,504.2722
Test Time,176.6295
Test Time,1023.631
Test Time,1871.873
Test Time,1654.4259
Test Time,415.6276
Test Time,162.7438
Test Time,1425.8609
Test Time,449.6574
Test Time,1733.3059
Test Time,1524.4582
Test Time,161.604
Test Time,337.4304
Test Time,368.7369
Test Time,200.0465
Test Time,193.9718
Test Time,337.3189
Test Time,976.0308
Test Time,1219.9723
Test Time,609.0348
Test Time,762.9821
Test Time,196.388
Test Time,341.0023
Test Time,1164.1277
Test Time,158.6601
Test Time,230.8741
Test Time,173.1899
Test Time,124.8335
Test Time,185.6563
Test Time,194.775
Test Time,125.2628
Test Time,112.4478
Test Time,113.1976
Test Time,129.0901
Test Time,167.2015
Test Time,181.3262
Test Time,147.7089
Test Time,179.1184
Test Time,157.2358
Test Time,179.4562
Test Time,403.1575
Test Time,729.6586
Test Time,1361.4978
Test Time,210.9791
Test Time,167.5966
Test Time,132.398
Test Time,111.175
Test Time,897.0583
Test Time,466.4352
Test Time,4631.1617
Test Time,141.6962
Test Time,1057.0581
Test Time,4479.0301
Test Time,889.3452
Test Time,688.685
Test Time,3299.3244
Test Time,396.3069
Test Time,156.0554
Test Time,138.4147
Test Time,133.1233
Test Time,127.414
Test Time,153.6529
Test Time,153.7303
Test Time,160.193
Test Time,120.6758
Test Time,118.8112
