Test Time,57.97
Test Time,59.6385
Test Time,61.6357
Test Time,93.5849
Test Time,57.747
Test Time,64.6373
Test Time,71.9293
Test Time,68.8503
Test Time,60.7557
Test Time,58.7992
Test Time,91.3887
Test Time,101.2932
Test Time,65.2804
Test Time,58.6963
Test Time,56.0389
Test Time,65.4199
Test Time,65.0655
Test Time,79.0751
Test Time,56.4301
Test Time,70.1827
Test Time,60.7962
Test Time,56.5505
Test Time,62.4496
Test Time,59.2083
Test Time,64.6493
Test Time,59.3162
Test Time,53.7112
Test Time,65.9989
Test Time,56.1471
Test Time,53.4665
Test Time,73.4613
Test Time,115.2495
Test Time,62.9165
Test Time,86.8267
Test Time,69.1673
Test Time,73.987
Test Time,67.8714
Test Time,62.7715
Test Time,85.3122
Test Time,66.0724
Test Time,65.7518
Test Time,60.4703
Test Time,55.8653
Test Time,58.677
Test Time,63.7368
Test Time,104.3335
Test Time,78.6375
Test Time,69.1279
Test Time,65.8094
Test Time,53.3957
Test Time,72.5347
Test Time,61.2517
Test Time,72.6724
Test Time,64.2777
Test Time,57.4082
Test Time,56.1498
Test Time,54.2614
Test Time,74.3884
Test Time,78.8039
Test Time,81.785
Test Time,58.396
Test Time,60.2027
Test Time,67.1719
Test Time,74.1046
Test Time,60.5358
Test Time,55.7455
Test Time,95.5739
Test Time,60.6787
Test Time,62.8791
Test Time,67.7551
Test Time,91.3475
Test Time,71.7942
Test Time,55.2334
Test Time,63.6441
Test Time,60.8267
Test Time,64.2297
Test Time,62.7697
Test Time,54.8596
Test Time,62.0619
Test Time,72.8408
Test Time,86.6985
Test Time,86.5175
Test Time,53.4304
Test Time,60.1987
Test Time,65.4441
Test Time,59.7495
Test Time,56.0396
Test Time,84.6168
Test Time,54.6116
Test Time,61.3385
Test Time,60.8955
Test Time,87.9079
Test Time,55.9126
Test Time,57.0398
Test Time,78.7248
Test Time,99.7388
Test Time,60.0001
Test Time,61.391
Test Time,55.281
Test Time,56.8328
Test Time,60.5293
Test Time,68.3916
Test Time,60.4946
Test Time,89.1773
Test Time,58.5029
Test Time,65.0825
Test Time,65.4741
Test Time,62.9597
Test Time,66.3015
Test Time,61.3288
Test Time,91.4764
Test Time,102.277
Test Time,61.2798
Test Time,69.7757
Test Time,56.8781
Test Time,64.7004
Test Time,61.4508
Test Time,79.3935
Test Time,64.8303
Test Time,69.1829
Test Time,66.6742
Test Time,76.8625
Test Time,57.8745
Test Time,57.9299
Test Time,66.3013
Test Time,63.1961
Test Time,61.8921
Test Time,64.0449
Test Time,65.1974
Test Time,56.1434
Test Time,62.8901
Test Time,110.9579
Test Time,55.807
Test Time,91.9873
Test Time,68.7486
Test Time,77.5365
Test Time,74.4894
Test Time,62.5953
Test Time,87.2003
Test Time,58.1102
Test Time,60.552
Test Time,61.1856
Test Time,56.3663
Test Time,84.3197
Test Time,76.4209
Test Time,103.6058
Test Time,71.0327
Test Time,63.2812
Test Time,64.8603
Test Time,54.6295
Test Time,83.771
Test Time,60.5565
Test Time,79.9705
Test Time,64.317
Test Time,61.2723
Test Time,56.4769
Test Time,63.2946
Test Time,64.5281
Test Time,83.1132
Test Time,91.6097
Test Time,58.5277
Test Time,55.5986
Test Time,70.0271
Test Time,67.6576
Test Time,59.0969
Test Time,57.0082
Test Time,88.4579
Test Time,56.6037
Test Time,57.4893
Test Time,71.4496
Test Time,79.9439
Test Time,75.5907
Test Time,58.7222
Test Time,68.4742
Test Time,62.4823
Test Time,66.2468
Test Time,54.6938
Test Time,58.38
Test Time,61.4313
Test Time,85.851
Test Time,84.6397
Test Time,89.9005
Test Time,54.954
Test Time,59.5525
Test Time,61.6151
Test Time,62.8287
Test Time,66.9402
Test Time,74.926
Test Time,63.5179
Test Time,56.7223
Test Time,67.3859
Test Time,92.533
Test Time,66.4105
Test Time,56.1796
Test Time,82.0305
Test Time,89.5418
Test Time,66.1667
Test Time,60.2667
Test Time,57.6385
Test Time,56.403
