Test Time,3081.36
Test Time,189.3518
Test Time,115.0121
Test Time,323.0074
Test Time,196.6014
Test Time,222.6018
Test Time,160.7637
Test Time,193.7135
Test Time,285.5255
Test Time,197.6379
Test Time,151.978
Test Time,128.3487
Test Time,121.7863
Test Time,145.5604
Test Time,208.4941
Test Time,142.7708
Test Time,170.3501
Test Time,270.7991
Test Time,110.5419
Test Time,170.6617
Test Time,184.3389
Test Time,134.4983
Test Time,133.6274
Test Time,126.3972
Test Time,124.8358
Test Time,158.6935
Test Time,115.0547
Test Time,124.9862
Test Time,164.1128
Test Time,133.9559
Test Time,155.3133
Test Time,123.255
Test Time,108.1856
Test Time,124.1149
Test Time,164.9025
Test Time,111.8745
Test Time,120.6426
Test Time,119.8093
Test Time,110.829
Test Time,119.4144
Test Time,119.0408
Test Time,106.0686
Test Time,123.3546
Test Time,101.1254
Test Time,106.1161
Test Time,139.8972
Test Time,123.5185
Test Time,128.2969
Test Time,146.167
Test Time,190.563
Test Time,123.7134
Test Time,145.681
Test Time,148.1824
Test Time,237.3569
Test Time,203.7505
Test Time,207.9113
Test Time,176.486
Test Time,225.6685
Test Time,396.7381
Test Time,184.5314
Test Time,265.7902
Test Time,332.7506
Test Time,136.4202
Test Time,306.3845
Test Time,719.9381
Test Time,412.7277
Test Time,155.4641
Test Time,166.8842
Test Time,155.9049
Test Time,130.4026
Test Time,244.8981
Test Time,374.1686
Test Time,180.4677
Test Time,157.7105
Test Time,158.7685
Test Time,128.1384
Test Time,128.3429
Test Time,148.5601
Test Time,229.7156
Test Time,170.4412
Test Time,537.6206
Test Time,292.5281
Test Time,221.793
Test Time,200.9307
Test Time,290.7814
Test Time,198.0069
Test Time,186.3894
Test Time,139.3068
Test Time,263.3126
Test Time,460.0371
Test Time,112.523
Test Time,143.3488
Test Time,115.7089
Test Time,204.6636
Test Time,139.9707
Test Time,113.6027
Test Time,166.5092
Test Time,127.0443
Test Time,133.8239
Test Time,151.7217
