Test Time,139.834
Test Time,104.2937
Test Time,124.7811
Test Time,157.5843
Test Time,115.9423
Test Time,111.1983
Test Time,131.7939
Test Time,143.6851
Test Time,743.2004
Test Time,133.0663
Test Time,133.0216
Test Time,123.1269
Test Time,122.597
Test Time,112.5737
Test Time,109.6829
Test Time,113.434
Test Time,166.0052
Test Time,122.3172
Test Time,134.4323
Test Time,100.1787
Test Time,126.9443
Test Time,124.3011
Test Time,152.4849
Test Time,124.9207
Test Time,108.079
Test Time,284.5846
Test Time,129.787
Test Time,593.2755
Test Time,137.4562
Test Time,138.9525
Test Time,182.1612
Test Time,127.8623
Test Time,159.2748
Test Time,109.984
Test Time,147.4442
Test Time,130.7748
Test Time,925.6729
Test Time,102.8076
Test Time,623.5004
Test Time,110.7791
Test Time,109.4436
Test Time,98.9812
Test Time,117.0631
Test Time,128.0405
Test Time,115.8668
Test Time,125.4078
Test Time,136.5514
Test Time,152.6407
Test Time,140.3887
Test Time,114.623
Test Time,107.073
Test Time,112.5795
Test Time,131.5414
Test Time,157.4613
Test Time,115.0633
Test Time,128.8057
Test Time,210.5624
Test Time,115.4826
Test Time,135.995
Test Time,123.33
Test Time,133.1004
Test Time,153.6598
Test Time,129.7136
Test Time,942.6817
Test Time,321.2614
Test Time,111.6732
Test Time,129.8458
Test Time,363.0447
Test Time,126.243
Test Time,105.0599
Test Time,109.7259
Test Time,125.916
Test Time,129.1062
Test Time,196.6998
Test Time,253.1883
Test Time,107.825
Test Time,115.5416
Test Time,135.74
Test Time,171.5129
Test Time,110.938
Test Time,900.5903
Test Time,126.1795
Test Time,190.2726
Test Time,123.1549
Test Time,177.7132
Test Time,115.9745
Test Time,113.3962
Test Time,123.6185
Test Time,108.5654
Test Time,121.5155
Test Time,123.3277
Test Time,110.9559
Test Time,126.8036
Test Time,114.9163
Test Time,113.4914
Test Time,115.4117
Test Time,109.9329
Test Time,114.2308
Test Time,113.1056
Test Time,129.6727
